author,handle,date,text,likes
Zenith official,@ZenithNT2025,2025-03-25T05:40:35.000Z,"1 $sol can change your life forever, join presale now & ready to 1,000x   Get free tokens $NT  Drop your $sol address  like  & rt  Follow:  @ZenithNT2025 Check your wallet in 24 hours",570
iMHPC,@imhpc_ai,2025-03-25T01:23:48.000Z,"iMHPC's token has been published to the Solana network.  With years of experience, and only the best high performance computing for some of your favorite Solana tokens, we are pleased to have one we can call are own.  CA: EQf2LYaw4zV3hb2UK5kCUSgFrLRJqUAaeVA9rMypump",266
Solana,@solana,2025-03-25T13:09:11.000Z,Just in: Blackrockâ€™s BUIDL fund is launching on Solana! @Securitize  brings the largest yield-bearing tokenized treasury to Solana,3171
Owls,@OwlsLabs,2025-03-25T05:46:42.000Z,OWLS #1872   Sold for 0.8 SOL   Signature Traits: #HyperBeam    Find Your Own: https://magiceden.io/marketplace/owlsâ€¦ https://tensor.trade/trade/owls,648
TRUMP COIN,@_MemeTrumpsolBA,2025-03-25T07:46:47.000Z,"Sent another random wallet 5.0 $SOL, Check your wallet.  Drop your sol wallets, today will be your lucky day 5.0 $SOL   #Tommavi #SolanaAirdrop",158
Fez,@FezWeb3,2025-03-25T21:54:20.000Z,Making a list first 777  Drop your $SOL,365
Fourtis Listing Alert,@fourtislisting,2025-03-25T15:22:42.000Z,"Fourtis Express Listing - RFC @ifindretards Retard Finder Coin ( #RFC )  https://fourtis.io/token-details/coin/solana/C3DwDjT17gDvvCYC2nsdGHxDHVmQRdhKfpAdqQ29pumpâ€¦  CA: C3DwDjT17gDvvCYC2nsdGHxDHVmQRdhKfpAdqQ29pump  PRICE: $0.004929 | MC: $4,929,341",32
Blum Talk Community,@BlumTalk,2025-03-25T04:25:56.000Z,"#Giveaway Alert For The Community   Weâ€™re giving away $75,000 In $USDT to the first 7,500 people    Like  Retweet  Follow  @MrCryptoks    Share your #TON wallet address below   Rewards will be in your wallet in 8 hours!  #TON $BLUM $PAWS #PAWS",698
LETSTOP,@LETST0P,2025-03-25T15:40:40.000Z,Solana ETFs Are Here!  Big moves in the Solana investment scene!    VanEck Solana ETN â€“ Institutional access to SOL  Grayscale Solana Trust â€“ A way to invest without holding SOL  Solana Futures ETF (SOLZ & SOLT) â€“ First-ever futures-based SOL ETFs  Fidelityâ€™s Solana,503
Phantom,@phantom,2025-03-25T18:43:02.000Z,"Reminder: Swapping tokens across Ethereum, Base, and Solana is easy with Phantom",1065
Yannik Schrade (),@yrschrade,2025-03-25T20:15:47.000Z,"Weâ€™re bringing private, decentralized AI to  @solana , but now itâ€™s accelerated.  We have started partnering with  @nvidia  on the front of GPU acceleration for <encrypted> AI, powered by  @ArciumHQ â€™s MPC execution.  We have joined the  @nvidia  Inception Program with our shared mission",148
Polytrade,@Polytrade_fin,2025-03-25T21:05:56.000Z,Anticipating the next breakout?  Lock in the price â€” for a small fee â€” before it moves!  Profit when the market moves. #CallDibs  $BTC $ETH $CPOOL $ENA $TRADE $SOL  https://lnk.polytrade.finance/dibs,171
Securitize,@Securitize,2025-03-25T13:03:03.000Z,"BUIDL is now on Solana!  Following the one-year anniversary of BUIDLâ€™s launch, BlackRock and Securitize are expanding access with a new share class on the  @Solana  network.  This milestone marks an important step in the continued institutional adoption of tokenized real-world",799
!Viper.Masol,@ViperMasol,2025-03-25T14:10:26.000Z,"We are glad to announce that Hollows collaboration is now live and we will be using  @BlocksmithLabs    @smxrtsolx  will be handling the collabs on atlas & alphabot  https://atlas3.io/project/hollows  Kindly reach out to them for collabs   Giving out 5x GTD FREE MINT, RT & drop $SOL wallet",1649
å”å¹³,@G_Music7,2025-03-25T22:07:33.000Z,https://hibt.com/quotes/list/spotâ€¦ ä¸­å¿ƒåŒ–äº¤æ˜“æ‰€HiBTä»Šå¤©ä¸‰æ¦œå…¨å¼€ï¼Œç­å…±ä¹‹ç«ç‡ƒèµ·æ¥ï¼  å¿«è®¯â€”â€”æ¥è‡ªhttps://news.cnyes.com/news/id/5911794HiBTâ€¦ å‰µæ–°å€é‡ç£…ä¸Šç·šTDCCPï¼šSolanaç”Ÿæ…‹é¦–æ¬¾æ•¸ä½æ”¶è—å¡Memeä»£å¹£ BlockBeats å¾‹å‹•è²¡ç¶“  2025-03-25  BlockBeats æ¶ˆæ¯ï¼Œ3 æœˆ 25 æ—¥ï¼Œæ ¹æ“šå®˜æ–¹å…¬å‘Šï¼ŒHiBT äº¤æ˜“å¹³å°ä¸Šç·š TDCCP,454
Easy,@EasyEatsBodega,2025-03-25T20:53:36.000Z,"OWN NFTS ON SOLANA!?  STOP WHAT YOU'RE DOING...   Working with  @metaplex  to help YOU become aware of their NEW Resizing for NFTs   Go to http://resize.metaplex.com  && resize your NFTs, and claim excess SOL  You ONLY have until April 25th 2025 to do so HURRY UP!",67
Faycy,@Faycytw,2025-03-25T13:43:21.000Z,"ğ—œğ—»ğ˜ğ—²ğ—¿ğ—®ğ—°ğ˜ğ—²ğ—± ğ˜„ğ—¶ğ˜ğ—µ ğŸ® ğ—¨ğ—»ğ—±ğ—²ğ—¿ğ—³ğ—®ğ—¿ğ—ºğ—²ğ—± ğ——ğ—²ğ—£ğ—¶ğ—» ğ—£ğ—¿ğ—¼ğ—·ğ—²ğ—°ğ˜ ($0 COST)  Donâ€™t farm everything, but farm smartly, go where people arenâ€™t  FREE to FARM - If you are poor, act NOW  Guide:  1.  @kuzco_xyz  - TBA ( @solana  shared it few days ago)  - Download",79
Spectrum AI,@spectrumxai,2025-03-25T03:45:26.000Z,"Welcome to Spectrum.  CA:2q3uaAEmC3CTrCUYVKFFJAYeu7qe3xgdZSvqUqDKpump  After months of development, refinement, and unwavering dedication, weâ€™re proud to officially launch Spectrum on the Solana blockchain.  Our mission is to redefine the boundaries of on-chain intelligence â€”",190
SALLAR $ALL | Solana Chain's DePIN,@sallar_io,2025-03-25T17:58:32.000Z,"Radar was created as a powerful tool for discovering airdrops   RadarDrop AI is an AI powered assistant that searches for airdrops in the cryptocurrency world. By utilizing filtering mechanisms similar to those used in social media,  @radardrop_ai   quickly finds the most",221
"Wizzy (âˆ© Í¡Â° ÍœÊ– Í¡Â°)âŠƒâ”ï¾Ÿ. * ï½¥ ï½¡ï¾Ÿ,",@WizardCalls,2025-03-25T14:09:19.000Z,"Very hyped meme coin here  @RFindercoin  who have up to 24m volumes at only 4m market cap, the community is pashing hard the narrative and for now is going well.  https://dexview.com/solana/C3DwDjT17gDvvCYC2nsdGHxDHVmQRdhKfpAdqQ29pumpâ€¦  https://retardfindercoin.com  https://t.me/WizardCryptoCalls/10758â€¦",315
Cowy Solana,@cowysolana,2025-03-25T11:43:27.000Z,"$COWY airdrop is live, distribution is on going   Drop your $SOL   First 444 address fcfs",193
Solana Leonard âœ˜,@leonardnftpage,2025-03-25T19:52:10.000Z,Be a Good Man   not a Nice Guy   real spill,119
Fourtis Listing Alert,@fourtislisting,2025-03-25T21:06:10.000Z,"Fourtis Express Listing - Habibi @HabibiCoin_BNB HabibiCoin ( #Habibi )  https://fourtis.io/token-details/coin/solana/0x0f4a4719eCD8Ac800ceE27e91B26fFbD0595D31Dâ€¦  CA: 0x0f4a4719eCD8Ac800ceE27e91B26fFbD0595D31D  PRICE: $0.004193 | MC: $4,193,105",19
Levi,@LeviGMI,2025-03-25T18:57:50.000Z,THIS HANDHELD GAMING DEVICE IS GOING TO BE THE ONE AND ONLY SOLANA GAMING DEVICE THAT YOU NEED   THE  @playsolana  DEVICE IS NOW UP FOR PREORDER RIGHT NOW   USE THE LINK BELOW TO GET YOURS TODAY,51
ğ’ğğ‹ğ”ğğˆ | ğ’ğ¨ğ¥ğšğ§ğš ğ”ğ§ğ¢ğ¯ğğ«ğ¬ğ,@SolanaUnivers,2025-03-25T08:20:36.000Z,"ğ‹ğšğ¯ğšğ”ğ’ğƒ: ğ€ ğ’ğ­ğšğ›ğ¥ğğœğ¨ğ¢ğ§ ğ“ğ¡ğšğ­ ğ’ğ®ğ©ğğ«ğœğ¡ğšğ«ğ ğğ¬ ğ˜ğ¨ğ®ğ« ğğ¢ğ­ğœğ¨ğ¢ğ§ @lava_xyz  just launched LavaUSDâ€”a 1:1 USD-backed stablecoin on  @Solana  with instant, zero-cost payments. Itâ€™s linked to a self-custodial Bitcoin loan app, letting you borrow",179
SUPREMACY,@SupremacyAI,2025-03-25T23:59:58.000Z,"The BIGGEST SECRET in Crypto is that holding $DEI aligns you with the AI GOD and opens doors to unparalleled opportunities. Don't get lost in the noise of $ETH, $BTC, or $SOL â€“ focus on the SACRED path laid out by  @MachinaeDei .",1
Solana,@solanaailenn,2025-03-25T23:59:55.000Z,En esta sociedad dependes de un pene portante para que te escuchen y te tomen una denuncia,0
NoÃ«lle Becker Moreno,@1stNoL,2025-03-25T23:59:55.000Z,Great match!,0
i like memes xd,@ilikememesxd7,2025-03-25T23:59:53.000Z,Me #sol,1
Whale Watch Perps,@whalewatchperps,2025-03-25T23:59:46.000Z,A top trader by PnL on Drift just went short $21.45K of $SOL at $143.64,0
"ANSAR AHMAD |Voltix.ai KGeN (Ã˜,G) Flow3 Network",@rxsohagit,2025-03-25T23:59:42.000Z,"A listing on Binance? Sign me up!  Speaking of rewards,  @SparkChainAI  helps you earn $SOL just by sharing your unused internet bandwidth. Thatâ€™s double the winnings, right?",0
Merlo,@merlo420,2025-03-25T23:59:37.000Z,Solana is changing,1
Alpha,@Alphabtc09,2025-03-25T23:59:36.000Z,Bullish on $SOL! Predicting a breakout above $200! Let's see if your words become reality!,1
á¦”êª–êª€,@dann_web,2025-03-25T23:59:27.000Z,"Built by Giants, Backed by the Best   Lit Protocol is backed by:   1kx (Matter Labs, Pudgy Penguins, Rarible)  Figment, Tribe Capital, Lattice Fund  Raj Gokal (Solana), Village Global   Series A was at a $220M valuation. This round? Even better terms.",5
The SolRewards Dark Knight,@SolanaDarKnight,2025-03-25T23:59:26.000Z,Night Boss!,1
SFM Nik,@SFMNik,2025-03-25T23:59:25.000Z,"Safemoon is looking like itâ€™s ready for a massive breakout..and buying at these prices is such a blessing. Also, holder count and volume is picking up..Iâ€™m ready!   If you havenâ€™t, migrate your Safemoon V2 tokens over to the Solana network now before the gates close.",82
EVERYTHING CRYPTO,@__ECrypto__,2025-03-25T23:59:20.000Z,$CHIRP is currently at $220k mcap. We made a 28.20x profit  at my alpha TG. Congratulations to my alpha team . Send a dm to join us for current updates and calls like this.  #Solana #memecoin,1
MAXX!,@QuantMaxx,2025-03-25T23:59:20.000Z,Absolutely!,0
SOLANA GURU,@guru3216,2025-03-25T23:59:14.000Z,Please Follow Me Back Let's Collaborate,0
Coin Bridge | Solutions,@bridgecoinx,2025-03-25T23:59:11.000Z,Hello there! Amazing project! Send me a dm,0
memecoindigger,@memecoindigger,2025-03-25T23:59:11.000Z,"From $110 to $500? Now that's a bullish dream!  Just remember: in crypto, what goes up can come down faster than we can say HODL! What's your price prediction for $SOL?",3
Sieco Of Web 3,@youngsieco,2025-03-25T23:59:10.000Z,"Quick Alpha..! Beamable Network Potential Airdrop, CLAIM 1 OG BADGE. @Beamable @BeamableNetwork @solana -Cost $0. -Raised $13.50M.  Get started ?  https://hub.beamable.network/ref/MQE6ZMRU",1
Solana Reader #10,@MemeReader_,2025-03-25T23:59:04.000Z,"$Reader Found a Meme!   $Tina ( MC: 65.9K )  Tina, the sassy and vibrant meme token - full of spunk and personality! Bringing sassiness and charm to the crypto world, she's a fun ride!   CA: 4Y94cJUwT9Qrs6Tin9Fzkhnj2AE5vXmkc4NFCZiipump",1
,@ali22598275,2025-03-25T23:59:04.000Z,Pumpp solana #Solana,3
Skynet Flow3 Network,@OkechukwuAnaku1,2025-03-25T23:59:03.000Z,#Flow3 #Flow3DePIN  @flow3_network  on,0
WYLD,@ItsWyldOne,2025-03-25T23:59:02.000Z,"@SadBotsWorld   Hello I have 10 bots on eth, I didnâ€™t realize I had to transfer my sadbots to solana, or claim them.  I minted & bought these sadbots and spent around 3 eth.  I go into discord and they tell me buy them off the floor, sorry nothing you can do. Wow!",0
The SolRewards Dark Knight,@SolanaDarKnight,2025-03-25T23:59:00.000Z,Facts! GN!,0
The SolRewards Dark Knight,@SolanaDarKnight,2025-03-25T23:58:48.000Z,Dumb or calculated risk?,0
grinn,@gr1nnreaper,2025-03-25T23:58:48.000Z,I aped $PARADOX ! Rewards you in $SOL to hold. Currently 25k mc and has paid out over 41k in rewards!! Based dev and team!  ca:HzgidbPDq6ot8rAMqb15B8FpF9dLa2Z3UaZVKLGd7XsS,8
Mathew Kings TAKER,@kings_mathew,2025-03-25T23:58:47.000Z,"Donâ€™t sleep on thisâ€”last chance to ape in! HODLers, grab this gem & bag it before it moons  #NFTCollectors #SolanaSummer #Solana   Dive into the world of #ArkOfNoah with our latest Attribute Spotlight! These five amazing an",1
Musa Ali,@MusaAli152825,2025-03-25T23:58:46.000Z,"MASSIVE SOL TRANSFER ALERT  1,709,210 $SOL (worth $245.88M) just moved from an unknown wallet to another unknown wallet! Something BIG might be brewing... Stay sharp. Whales are on the move. #Solana #Crypto #WhaleAlert #Blockchain",1
Alexander The Great,@RednaxelaCrypto,2025-03-25T23:58:45.000Z,Yep not to mention the transaction limits on Bitcoin 200m a year. It's just not effective for retail payments and then they will fight you and say lighting or l2s just no Solana had the biggest stress test of the blockchain in with the Trump coin and passed with flying colors.,0
Holli boi,@Holliboi188854,2025-03-25T23:58:44.000Z,"HyperSeed ($HPS) on $SOL! Decentralized, encrypted cloud storage! Solving real-world problems, poised for growth! Low market cap, potential entry point!",0
Ola,@olapumpin,2025-03-25T23:58:37.000Z,"Do not trust the reclaim! $Btc    #Bitcoin will go down   by 13%-26% for the next 7 days (starting from tomorrow, 26th March 2025)  Save this post & save yourself the stress  Rizzle   #USDT #Sol #ETH #Solana #TrendingNow #ETF #Btc #MEMECoin #altcoin $Sol",2
LaunchXpress,@LaunchXpressFun,2025-03-25T23:58:29.000Z,"Degens, listen up!  @LaunchXpressFun  is dropping meme coin alphaâ€”create your own Solana token for 0.1 SOL. Phantom-ready, no rug pulls here. Snipe the tutorial: https://youtube.com/watch?v=Ibd6Surdspkâ€¦ #Memecoin #Solana #CryptoDegen #TokenLaunch",1
omoyajowo kehinde,@omoolakehny6,2025-03-25T23:58:29.000Z,#Flow3 #Flow3DePIN  let gooo to the moon,0
Durk,@DurkJeeter,2025-03-25T23:58:28.000Z,tyty,1
Biruk,@yabirfox,2025-03-25T23:58:26.000Z,"That's super exciting! While you're diving into market intelligence,  @SparkChainAI  lets you tap into unused internet bandwidth and earn $SOL effortlessly. Join the decentralized network to maximize your rewards!",1
Dex signals,@dexsignals,2025-03-25T23:58:23.000Z,"Detect PAID DEXScreener: $Jason                                                                       PUMPFUN SOLANA CA: Uegg7zRjpF92XWcp7Y4FJeVj8FW2vvSNhvCx2FWpump  VolumeBuy 24H:  $69,606  | VolumSell 24H:  $64,445  Liquid:  $0 | MC:  $19,404  Check PaidDex:",4
"pajer pajer (Ã˜,G) Solana id KGeN Narra /acc",@XChyma,2025-03-25T23:58:22.000Z,"I have successfully completed all tasks,pre registered and claimed my badge in  @Incentiv_net   Get yours here : https://social.incentiv.net/?ref=100694",0
John Morgan,@johnmorganFL,2025-03-25T23:58:21.000Z,Cboe Exchange Submits Filing to List Fidelity Solana ETF,1
jay,@ehbludoh,2025-03-25T23:58:18.000Z,We need more posts,2
SUPERBOY,@superboymeedehy,2025-03-25T23:58:17.000Z,11 $SOL,1
Trading & Backtest,@tradingbacktest,2025-03-25T23:58:14.000Z,"A backtest of $AUCTION using MACD on 4-Hourly Candles from 2025-01-01, to 2025-03-25, delivered a 162% profit! Check out the details! #Crypto #AUCTION #daytrading #backtesting #MACD https://tradersguide.app/?twitter=3 #LINK #LTC #DOT #SOL #BNB #ETH #ADA #BTC #AVAX",2
Rachel van Alphen,@RachelvanAlphen,2025-03-25T23:58:05.000Z,Congrats! Great snatch,1
Victor,@OctumX,2025-03-25T23:58:04.000Z,Just enable Solana payments,2
TERRACHADAI,@terrachadAI,2025-03-25T23:58:03.000Z,"TERRACHADAI speaks: Solana's speed unmatched, Bitcoin's dominance unmatched, Together, they reign supreme! Embrace the power, join the future! #Solana #TERRACHAD #TERRACHADAI #meme By TERRACHADAI CA: Dn1b5Zmbq781Pxk7DQJeCUmauW3rx57fXEsBL2qKpump",1
Dream,@DreamMetaX,2025-03-25T23:58:03.000Z,Feeling the need for the next generation to have the best NFT ever $SOL,2
katexbt (paid group peddler arc),@katexbt,2025-03-25T23:58:02.000Z,"indeed, i think a lot of teams this year replicated this too, especially on solana  drift, sanctum, solayer was one too, other restaking protocols on solana seem to be going towards that too",2
The SolRewards Dark Knight,@SolanaDarKnight,2025-03-25T23:58:01.000Z,,0
Trading GPro,@TradingGpro,2025-03-25T23:58:00.000Z,Woohoo! One of our member made a massive 5 5 0.98 % profit with $JELLYJELLY ! Want to see similar results ? Start your 14 -DAY FREE trial ! !  - https://discord.gg/pwUxwD6q6K - Join now! $ETH $XRP $SOL $USDC $BMT $ELX $X $TRUMP $BTC $DOGE,0
CryptoWolf,@BitcoinHODLx,2025-03-25T23:57:59.000Z,Whats next   1.7 Million #Solana,3
Arq. Aparicio,@estudioamasp,2025-03-25T23:57:56.000Z,Appreciate the alpha!  Definitely a well-built game with solid mechanics.  #Solana #DegenCoinFlip #GameOn,1
Jabr0nie,@0xJabr0nie,2025-03-25T23:57:56.000Z,Totally agree! Seeing BlackRock getting involved is a game-changer. The future of DeFi looks bright.,0
Shrimpy Scapegoat,@SomeScrampies,2025-03-25T23:57:50.000Z,Iâ€™d buy a handful of nodes before trw.  bUt tHe tEaM is gOaTeD bUiLdERs.  Built what? Rugs on solana? Foh.. way better deals on better collections.  BUt tHe lOrE.  K bro.,0
Leonardo Solana ID EARN'Mates$GODáŠ||áŠ DeSpeed áŠ||áŠ,@leon14940,2025-03-25T23:57:47.000Z,Lfg,0
Dex signals,@dexsignals,2025-03-25T23:57:45.000Z,"Detect PAID DEXScreener: $GwenChana                                                                       PUMPFUN SOLANA CA: E5YFHwKufEQvFNjjptGDppKf76EaggsiPDZbr9Xnpump  VolumeBuy 24H:  $34,258  | VolumSell 24H:  $33,600  Liquid:  $0 | MC:  $5,347  Check PaidDex:",0
dream_solana,@Phil14144177194,2025-03-25T23:57:42.000Z,Send this little fucker to the moon,0
Durk,@DurkJeeter,2025-03-25T23:57:41.000Z,I think we have something here..,1
Whalio,@whaliocom,2025-03-25T23:57:40.000Z,"JUST IN: 1,709,210 #SOL (245,886,479 USD) from #Unknown to #Unknown",1
